Searched Media,Result,URL,Category,Success or Failure
Creep 2,Creep 2,https://www.amazon.co.uk/Creep-2-Mark-Duplass/dp/B076MP9PJS/ref=sr_1_1?s=instant-video&ie=UTF8&qid=1523550539&sr=1-1&keywords=Creep+2,NULL,Sucessfully Found
Devilman Crybaby,Devilman: The Classic Collection Vol. 1,https://www.amazon.co.uk/Devilman-Classic-Collection-Vol-1/dp/162692757X/ref=sr_1_1?s=instant-video&ie=UTF8&qid=1523555326&sr=8-1&keywords=Devilman+Crybaby,Hardcover,Failed
Mario Kart,Clip: Mario Kart 8 Deluxe Gameplay - Zebra Gamer,https://www.amazon.co.uk/Clip-Renegade-Roundup-Battle-Mode/dp/B076HYQL6S/ref=sr_1_1?s=instant-video&ie=UTF8&qid=1523555430&sr=1-1&keywords=Mario+Kart,NULL,Sucessfully Found
Sonic Boom,"Sonic Boom, Vol. 1: The Sidekick",https://www.amazon.co.uk/The-Sidekick/dp/B01BH7ZAAO/ref=sr_1_1?s=instant-video&ie=UTF8&qid=1523557906&sr=1-1&keywords=Sonic+Boom,NULL,Sucessfully Found
Sonic Boom,"Sonic Boom, Vol. 1: The Sidekick",https://www.amazon.co.uk/The-Sidekick/dp/B01BH7ZAAO/ref=sr_1_1?s=instant-video&ie=UTF8&qid=1523558113&sr=1-1&keywords=Sonic+Boom,NULL,Sucessfully Found
Sonic,Clip: Sonic Forces Speed Battle Playthrough,https://www.amazon.co.uk/Clip-Sonic-Forces-Battle-Playthrough/dp/B0779R5KDY/ref=sr_1_1?s=instant-video&ie=UTF8&qid=1523564186&sr=1-1&keywords=Sonic,NULL,Sucessfully Found
Central,Central Intelligence (theatrical Version),https://www.amazon.co.uk/Central-Intelligence-Theatrical-Version-Johnson/dp/B01HZVX6FW/ref=sr_1_1?s=instant-video&ie=UTF8&qid=1523564270&sr=1-1&keywords=Central,NULL,Sucessfully Found
Chefs Table,From The Chef's Table,https://www.amazon.co.uk/Artisan-movement-discussed-greatest-Chicago/dp/B07B64D67F/ref=sr_1_1?s=instant-video&ie=UTF8&qid=1523564436&sr=1-1&keywords=Chefs+Table,NULL,Failure to Find
Sonic Boom,"Sonic Boom, Vol. 1: The Sidekick",https://www.amazon.co.uk/The-Sidekick/dp/B01BH7ZAAO/ref=sr_1_1?s=instant-video&ie=UTF8&qid=1523565661&sr=1-1&keywords=Sonic+Boom,NULL,Sucessfully Found
Lil Peep,"Come Over When You're Sober, Pt. 1 [explicit]",https://www.amazon.co.uk/Come-Over-Youre-Sober-Explicit/dp/B07481F8P2/ref=sr_1_1?s=instant-video&ie=UTF8&qid=1523565901&sr=8-1&keywords=Lil+Peep,NULL,Failure to Find
Creep,Creep,https://www.amazon.co.uk/Creep-Franka-Potente/dp/B01N6SXHLQ/ref=sr_1_1?s=instant-video&ie=UTF8&qid=1523571798&sr=1-1&keywords=Creep,NULL,Sucessfully Found
Agents Of S.h.i.e.l.d,Marvel's Agents Of S.h.i.e.l.d. - Season 1,https://www.amazon.co.uk/Pilot/dp/B00IJL93TQ/ref=sr_1_1?s=instant-video&ie=UTF8&qid=1523610564&sr=1-1&keywords=Agents+Of+S.h.i.e.l.d,NULL,Sucessfully Found
Marvels Daredevil,Daredevil,https://www.amazon.co.uk/Daredevil-Michael-Clarke-Duncan/dp/B00H3655JU/ref=sr_1_1?s=instant-video&ie=UTF8&qid=1523610655&sr=1-1&keywords=Marvels+Daredevil&dpID=61avjcU867L&preST=_SY300_QL70_&dpSrc=srch,NULL,Failure to Find
Daredevil,Daredevil,https://www.amazon.co.uk/Daredevil-Michael-Clarke-Duncan/dp/B00H3655JU/ref=sr_1_1?s=instant-video&ie=UTF8&qid=1523611120&sr=1-1&keywords=Daredevil&dpID=61avjcU867L&preST=_SY300_QL70_&dpSrc=srch,NULL,Sucessfully Found
Sonic Boom,"Sonic Boom, Vol. 1: The Sidekick",https://www.amazon.co.uk/The-Sidekick/dp/B01BH7ZAAO/ref=sr_1_1?s=instant-video&ie=UTF8&qid=1523611472&sr=1-1&keywords=Sonic+Boom,NULL,Sucessfully Found
Daredevil,Daredevil,https://www.amazon.co.uk/Daredevil-Michael-Clarke-Duncan/dp/B00H3655JU/ref=sr_1_1?s=instant-video&ie=UTF8&qid=1523611528&sr=1-1&keywords=Daredevil,NULL,Sucessfully Found
Daredevil,Daredevil,https://www.amazon.co.uk/Daredevil-Michael-Clarke-Duncan/dp/B00H3655JU/ref=sr_1_1?s=instant-video&ie=UTF8&qid=1523611862&sr=1-1&keywords=Daredevil,NULL,Sucessfully Found
Alien,Alien,https://www.amazon.co.uk/Alien-Sigourney-Weaver/dp/B00HZ0QTUI/ref=sr_1_1?s=instant-video&ie=UTF8&qid=1523612034&sr=1-1&keywords=Alien,NULL,Sucessfully Found
Sonic Boom,"Sonic Boom, Vol. 1: The Sidekick",https://www.amazon.co.uk/The-Sidekick/dp/B01BH7ZAAO/ref=sr_1_1?s=instant-video&ie=UTF8&qid=1523631206&sr=1-1&keywords=Sonic+Boom,NULL,Sucessfully Found
Sonic Boom,"Sonic Boom, Vol. 1: The Sidekick",https://www.amazon.co.uk/The-Sidekick/dp/B01BH7ZAAO/ref=sr_1_1?s=instant-video&ie=UTF8&qid=1523631271&sr=1-1&keywords=Sonic+Boom,NULL,Sucessfully Found
Marvels Daredevil,Daredevil,https://www.amazon.co.uk/Daredevil-Michael-Clarke-Duncan/dp/B00H3655JU/ref=sr_1_1?s=instant-video&ie=UTF8&qid=1523631339&sr=1-1&keywords=Marvels+Daredevil,NULL,Failure to Find
Marvels Jessica Jones,Marvel's Jessica Jones Season 1,https://www.amazon.co.uk/A-K-A-Ladies-Night/dp/B01MSV90U6/ref=sr_1_1?s=instant-video&ie=UTF8&qid=1523657268&sr=1-1&keywords=Marvels+Jessica+Jones,NULL,Failure to Find
,Star Wars: The Last Jedi (theatrical Version),https://www.amazon.co.uk/Star-Wars-Last-Theatrical-Version/dp/B076CLRRH3/ref=lp_3010085031_1_1?s=instant-video&ie=UTF8&qid=1523706622&sr=1-1,NULL,Sucessfully Found
Devilman,Devilman: The Classic Collection Vol. 1,https://www.amazon.co.uk/Devilman-Classic-Collection-Vol-1/dp/162692757X/ref=sr_1_1?s=instant-video&ie=UTF8&qid=1523706685&sr=8-1&keywords=Devilman,Hardcover,Failed
D,Marvel's Agents Of S.h.i.e.l.d. - Season 1,https://www.amazon.co.uk/Pilot/dp/B00IJL93TQ/ref=sr_1_1?s=instant-video&ie=UTF8&qid=1523706799&sr=1-1&keywords=D,NULL,Failure to Find
,Star Wars: The Last Jedi (theatrical Version),https://www.amazon.co.uk/Star-Wars-Last-Theatrical-Version/dp/B076CLRRH3/ref=lp_3010085031_1_1?s=instant-video&ie=UTF8&qid=1523707048&sr=1-1,NULL,Sucessfully Found
,Star Wars: The Last Jedi (theatrical Version),https://www.amazon.co.uk/Star-Wars-Last-Theatrical-Version/dp/B076CLRRH3/ref=lp_3010085031_1_1?s=instant-video&ie=UTF8&qid=1523707325&sr=1-1,NULL,Sucessfully Found
13 Reasons Why,Our Favorite Things,https://www.amazon.co.uk/Tommy-Dorfman/dp/B07BJCNQ8R/ref=sr_1_1?s=instant-video&ie=UTF8&qid=1523707534&sr=1-1&keywords=13+Reasons+Why,NULL,Failure to Find
,Star Wars: The Last Jedi (theatrical Version),https://www.amazon.co.uk/Star-Wars-Last-Theatrical-Version/dp/B076CLRRH3/ref=lp_3010085031_1_1?s=instant-video&ie=UTF8&qid=1523707660&sr=1-1,NULL,Sucessfully Found
,Star Wars: The Last Jedi (theatrical Version),https://www.amazon.co.uk/Star-Wars-Last-Theatrical-Version/dp/B076CLRRH3/ref=lp_3010085031_1_1?s=instant-video&ie=UTF8&qid=1523708544&sr=1-1,NULL,Sucessfully Found
Daredevil,Daredevil,https://www.amazon.co.uk/Daredevil-Michael-Clarke-Duncan/dp/B00H3655JU/ref=sr_1_1?s=instant-video&ie=UTF8&qid=1523708682&sr=1-1&keywords=Daredevil,NULL,Sucessfully Found
13 Reasons Why,The Story Of Tracy Beaker - Season 3,https://www.amazon.co.uk/Down-with-School/dp/B00ET0XI1U/ref=sr_1_1?s=instant-video&ie=UTF8&qid=1523708764&sr=1-1&keywords=13+Reasons+Why,NULL,Failure to Find
Riverdale,Riverdale: Season 1,https://www.amazon.co.uk/Chapter-One-The-Rivers-Edge/dp/B079C8CT6M/ref=sr_1_1?s=instant-video&ie=UTF8&qid=1523708909&sr=1-1&keywords=Riverdale,NULL,Sucessfully Found
13 Reasons Why,Our Favorite Things,https://www.amazon.co.uk/Tommy-Dorfman/dp/B07BJCNQ8R/ref=sr_1_1?s=instant-video&ie=UTF8&qid=1523711168&sr=1-1&keywords=13+Reasons+Why,NULL,Failure to Find
13 Reasons Why,Our Favorite Things,https://www.amazon.co.uk/Tommy-Dorfman/dp/B07BJCNQ8R/ref=sr_1_1?s=instant-video&ie=UTF8&qid=1523711316&sr=1-1&keywords=13+Reasons+Why,NULL,Failure to Find
Sonic Boom,"Sonic Boom, Vol. 1: The Sidekick",https://www.amazon.co.uk/The-Sidekick/dp/B01BH7ZAAO/ref=sr_1_1?s=instant-video&ie=UTF8&qid=1523713081&sr=1-1&keywords=Sonic+Boom,NULL,Sucessfully Found
Marvels Daredevil,Daredevil,https://www.amazon.co.uk/Daredevil-Michael-Clarke-Duncan/dp/B00H3655JU/ref=sr_1_1?s=instant-video&ie=UTF8&qid=1523713786&sr=1-1&keywords=Marvels+Daredevil&dpID=61avjcU867L&preST=_SY300_QL70_&dpSrc=srch,NULL,Failure to Find
Riverdale,Riverdale: Season 1,https://www.amazon.co.uk/Chapter-One-The-Rivers-Edge/dp/B079C8CT6M/ref=sr_1_1?s=instant-video&ie=UTF8&qid=1523740061&sr=1-1&keywords=Riverdale,NULL,Sucessfully Found
American Supernatural,American Gothic - Season 1,https://www.amazon.co.uk/Meet-the-Beetles/dp/B00G0N801W/ref=sr_1_1?s=instant-video&ie=UTF8&qid=1523782733&sr=1-1&keywords=American+Supernatural,NULL,Failure to Find
Riverdale,Riverdale: Season 1,https://www.amazon.co.uk/Chapter-One-The-Rivers-Edge/dp/B079C8CT6M/ref=sr_1_1?s=instant-video&ie=UTF8&qid=1523790859&sr=1-1&keywords=Riverdale,NULL,Sucessfully Found
Pac Man The Ghostly Adventures,Pac-man And The Ghostly Adventures,https://www.amazon.co.uk/Indiana-Pac-Dentures-Doom/dp/B01MV2RUW7/ref=sr_1_1?s=instant-video&ie=UTF8&qid=1523791135&sr=1-1&keywords=Pac+Man+The+Ghostly+Adventures,NULL,Failure to Find
Badlands Texas,Kill Or Be Killed,https://www.amazon.co.uk/Killed-Duane-Graves-Justin-Meeks/dp/B01L2UXTJ0/ref=sr_1_1?s=instant-video&ie=UTF8&qid=1523791427&sr=1-1&keywords=Badlands+Texas,NULL,Failure to Find
Riverdale,Riverdale: Season 1,https://www.amazon.co.uk/Chapter-One-The-Rivers-Edge/dp/B079C8CT6M/ref=sr_1_1?s=instant-video&ie=UTF8&qid=1523791822&sr=1-1&keywords=Riverdale,NULL,Sucessfully Found
R,R.i.p.d,https://www.amazon.co.uk/R-I-P-D-Jeff-Bridges/dp/B00IKG1M7G/ref=sr_1_1?s=instant-video&ie=UTF8&qid=1523792010&sr=1-1&keywords=R,NULL,Sucessfully Found
Riverdale,Riverdale: Season 1,https://www.amazon.co.uk/Chapter-One-The-Rivers-Edge/dp/B079C8CT6M/ref=sr_1_1?s=instant-video&ie=UTF8&qid=1523792117&sr=1-1&keywords=Riverdale,NULL,Sucessfully Found
Star Wars,Star Wars: The Last Jedi (theatrical Version),https://www.amazon.co.uk/Star-Wars-Last-Theatrical-Version/dp/B076CKYBGS/ref=sr_1_1?s=instant-video&ie=UTF8&qid=1523792278&sr=1-1&keywords=Star+Wars&dpID=51Cpp3tkwwL&preST=_SY300_QL70_&dpSrc=srch,NULL,Sucessfully Found
Star Wars,Star Wars: The Last Jedi (theatrical Version),https://www.amazon.co.uk/Star-Wars-Last-Theatrical-Version/dp/B076CKYBGS/ref=sr_1_1?s=instant-video&ie=UTF8&qid=1523792319&sr=1-1&keywords=Star+Wars,NULL,Sucessfully Found
Harry Potter,Harry Potter And The Philosopher's Stone,https://www.amazon.co.uk/Harry-Potter-Philosophers-Daniel-Radcliffe/dp/B00H37SJTC/ref=sr_1_1?s=instant-video&ie=UTF8&qid=1523792380&sr=1-1&keywords=Harry+Potter,NULL,Sucessfully Found
Harry Potter,Harry Potter And The Philosopher's Stone,https://www.amazon.co.uk/Harry-Potter-Philosophers-Daniel-Radcliffe/dp/B00H37SJTC/ref=sr_1_1?s=instant-video&ie=UTF8&qid=1523792415&sr=1-1&keywords=Harry+Potter,NULL,Sucessfully Found
Smile,Smile,https://www.amazon.co.uk/Smile-Jeffrey-Kramer/dp/B06X97NGSN/ref=sr_1_1?s=instant-video&ie=UTF8&qid=1523792478&sr=1-1&keywords=Smile,NULL,Sucessfully Found
Hellboy,Hellboy,https://www.amazon.co.uk/Hellboy-Ron-Perlman/dp/B011VI2WH8/ref=sr_1_1?s=instant-video&ie=UTF8&qid=1523793154&sr=1-1&keywords=Hellboy,NULL,Sucessfully Found
Hellboy,Hellboy,https://www.amazon.co.uk/Hellboy-Ron-Perlman/dp/B011VI2WH8/ref=sr_1_1?s=instant-video&ie=UTF8&qid=1523793187&sr=1-1&keywords=Hellboy,NULL,Sucessfully Found
Marvel,Marvel's Agents Of S.h.i.e.l.d. - Season 1,https://www.amazon.co.uk/Pilot/dp/B00IJL93TQ/ref=sr_1_1?s=instant-video&ie=UTF8&qid=1523793385&sr=1-1&keywords=Marvel,NULL,Sucessfully Found
Badlands Texas,Kill Or Be Killed,https://www.amazon.co.uk/Killed-Duane-Graves-Justin-Meeks/dp/B01L2UXTJ0/ref=sr_1_1?s=instant-video&ie=UTF8&qid=1523793429&sr=1-1&keywords=Badlands+Texas,NULL,Failure to Find
Hellboy,Hellboy,https://www.amazon.co.uk/Hellboy-Ron-Perlman/dp/B011VI2WH8/ref=sr_1_1?s=instant-video&ie=UTF8&qid=1523793850&sr=1-1&keywords=Hellboy,NULL,Sucessfully Found
Hellboy,Hellboy,https://www.amazon.co.uk/Hellboy-Ron-Perlman/dp/B011VI2WH8/ref=sr_1_1?s=instant-video&ie=UTF8&qid=1523793917&sr=1-1&keywords=Hellboy,NULL,Sucessfully Found
Hellboy,Hellboy,https://www.amazon.co.uk/Hellboy-Ron-Perlman/dp/B011VI2WH8/ref=sr_1_1?s=instant-video&ie=UTF8&qid=1523795245&sr=1-1&keywords=Hellboy&dpID=51PQFZIMlFL&preST=_SY300_QL70_&dpSrc=srch,NULL,Sucessfully Found
Hellboy,Hellboy Ii: The Golden Army,https://www.amazon.co.uk/HELLBOY-II-GOLDEN-Ron-Perlman/dp/B00ZPQYSYI/ref=sr_1_1?s=instant-video&ie=UTF8&qid=1523795298&sr=1-1&keywords=Hellboy&dpID=51-RiFYhaoL&preST=_SY300_QL70_&dpSrc=srch,NULL,Sucessfully Found
12,12 Years A Slave,https://www.amazon.co.uk/12-Years-Slave-Chiwetel-Ejiofor/dp/B00J9G65K0/ref=sr_1_1?s=instant-video&ie=UTF8&qid=1523796114&sr=1-1&keywords=12&dpID=41C3lyI9YCL&preST=_SY300_QL70_&dpSrc=srch,NULL,Sucessfully Found
Dragon Ball,Dragonball: Evolution,https://www.amazon.co.uk/Dragonball-Evolution-Justin-Chatwin/dp/B00H36IE9S/ref=sr_1_1?s=instant-video&ie=UTF8&qid=1523796511&sr=1-1&keywords=Dragon+Ball&dpID=510-PGxZa7L&preST=_SY300_QL70_&dpSrc=srch,NULL,Failure to Find
Sonic Boom,"Sonic Boom, Vol. 1: The Sidekick",https://www.amazon.co.uk/The-Sidekick/dp/B01BH7ZAAO/ref=sr_1_1?s=instant-video&ie=UTF8&qid=1523796552&sr=1-1&keywords=Sonic+Boom,NULL,Sucessfully Found
Mortal Kombat,Mortal Kombat,https://www.amazon.co.uk/Mortal-Kombat-Linden-Ashby/dp/B00I94X8WQ/ref=sr_1_1?s=instant-video&ie=UTF8&qid=1523796870&sr=1-1&keywords=Mortal+Kombat,NULL,Sucessfully Found
Hello,Hello Neighbor Animated Song,https://www.amazon.co.uk/Hello-Neighbor-Animated-Song-Alex/dp/B06XRMJ6L2/ref=sr_1_1?s=instant-video&ie=UTF8&qid=1523796934&sr=1-1&keywords=Hello&dpID=41m9hV1YxsL&preST=_SY300_QL70_&dpSrc=srch,NULL,Sucessfully Found
Mario Kart,Clip: Mario Kart 64,https://www.amazon.co.uk/Clip-Mushroom-Cup/dp/B076HDFZ2K/ref=sr_1_1?s=instant-video&ie=UTF8&qid=1523796987&sr=1-1&keywords=Mario+Kart,NULL,Sucessfully Found
Starwars,Star Wars: The Last Jedi (with Bonus Content),https://www.amazon.co.uk/Star-Wars-Last-Bonus-Content/dp/B078F9VTPC/ref=sr_1_1?s=instant-video&ie=UTF8&qid=1523797164&sr=1-1&keywords=Starwars,NULL,Failure to Find
Star Wars,Star Wars: The Last Jedi (theatrical Version),https://www.amazon.co.uk/Star-Wars-Last-Theatrical-Version/dp/B076CKYBGS/ref=sr_1_1?s=instant-video&ie=UTF8&qid=1523797777&sr=1-1&keywords=Star+Wars,NULL,Sucessfully Found
The Raid,The Raid (english Subtitled),https://www.amazon.co.uk/Raid-English-Subtitled-Iko-Uwais/dp/B00FZSB57O/ref=sr_1_1?s=instant-video&ie=UTF8&qid=1523800454&sr=1-1&keywords=The+Raid,NULL,Sucessfully Found
The Raid,The Raid (english Subtitled),https://www.amazon.co.uk/Raid-English-Subtitled-Iko-Uwais/dp/B00FZSB57O/ref=sr_1_1?s=instant-video&ie=UTF8&qid=1523800501&sr=1-1&keywords=The+Raid&dpID=61IWBp7XOqL&preST=_SY300_QL70_&dpSrc=srch,NULL,Sucessfully Found
Marvels Daredevil,Daredevil,https://www.amazon.co.uk/Daredevil-Michael-Clarke-Duncan/dp/B00H3655JU/ref=sr_1_1?s=instant-video&ie=UTF8&qid=1523820726&sr=1-1&keywords=Marvels+Daredevil,NULL,Failure to Find
Hitman,The Hitman's Bodyguard,https://www.amazon.co.uk/Hitmans-Bodyguard-Ryan-Reynolds/dp/B074N3GBGB/ref=sr_1_1?s=instant-video&ie=UTF8&qid=1523821000&sr=1-1&keywords=Hitman&dpID=51rTByipc9L&preST=_SY300_QL70_&dpSrc=srch,NULL,Sucessfully Found
Riverdale,Riverdale: Season 1,https://www.amazon.co.uk/Chapter-One-The-Rivers-Edge/dp/B079C8CT6M/ref=sr_1_1?s=instant-video&ie=UTF8&qid=1523874538&sr=1-1&keywords=Riverdale,NULL,Sucessfully Found
Riverdale,Riverdale: Season 1,https://www.amazon.co.uk/Chapter-One-The-Rivers-Edge/dp/B079C8CT6M/ref=sr_1_1?s=instant-video&ie=UTF8&qid=1523874619&sr=1-1&keywords=Riverdale,NULL,Sucessfully Found
Black Lightning,Black Lightning,https://www.amazon.co.uk/Lightning-Ekaterina-Vilkova-Grigoriy-Dobrygin/dp/B00IB8HA7E/ref=sr_1_1?s=instant-video&ie=UTF8&qid=1523877742&sr=1-1&keywords=Black+Lightning,NULL,Sucessfully Found
Black Lightning,Black Lightning,https://www.amazon.co.uk/Lightning-Ekaterina-Vilkova-Grigoriy-Dobrygin/dp/B00IB8HA7E/ref=sr_1_1?s=instant-video&ie=UTF8&qid=1523877791&sr=1-1&keywords=Black+Lightning,NULL,Sucessfully Found
Doom,Doom (unrated),https://www.amazon.co.uk/Doom-Unrated-Urban-Dwayne-Johnson/dp/B00IB8FNXC/ref=sr_1_1?s=instant-video&ie=UTF8&qid=1523912410&sr=1-1&keywords=Doom,NULL,Sucessfully Found
Doom,Doom (unrated),https://www.amazon.co.uk/Doom-Unrated-Urban-Dwayne-Johnson/dp/B00IB8FNXC/ref=sr_1_1?s=instant-video&ie=UTF8&qid=1523912443&sr=1-1&keywords=Doom&dpID=51gVaBSOo6L&preST=_SY300_QL70_&dpSrc=srch,NULL,Sucessfully Found
Avp,Alien Vs. Predator,https://www.amazon.co.uk/Alien-Vs-Predator-Sanaa-Lathan/dp/B00HMQL8BU/ref=sr_1_1?s=instant-video&ie=UTF8&qid=1524034607&sr=1-1&keywords=Avp,NULL,Failure to Find
Alien Vs Predator,Alien Vs. Predator,https://www.amazon.co.uk/Alien-Vs-Predator-Sanaa-Lathan/dp/B00HMQL7CK/ref=sr_1_1?s=instant-video&ie=UTF8&qid=1524034672&sr=1-1&keywords=Alien+Vs+Predator&dpID=519DUhAVDhL&preST=_SY300_QL70_&dpSrc=srch,NULL,Failure to Find
Cowboys Vs Aliens,William Shatner's Halloween Frightnight: Oblivion Rebaked!,https://www.amazon.co.uk/William-Shatners-Halloween-Frightnight-Oblivion/dp/B0784HZ2CS/ref=sr_1_1?s=instant-video&ie=UTF8&qid=1524034740&sr=1-1&keywords=Cowboys+Vs+Aliens,NULL,Failure to Find
Sonic Boom,"Sonic Boom, Vol. 1: The Sidekick",https://www.amazon.co.uk/The-Sidekick/dp/B01BH7ZAAO/ref=sr_1_1?s=instant-video&ie=UTF8&qid=1524034816&sr=1-1&keywords=Sonic+Boom,NULL,Sucessfully Found
Sonic Boom,"Sonic Boom, Vol. 1: The Sidekick",https://www.amazon.co.uk/The-Sidekick/dp/B01BH7ZAAO/ref=sr_1_1?s=instant-video&ie=UTF8&qid=1524034965&sr=1-1&keywords=Sonic+Boom,NULL,Sucessfully Found
Doom,Doom (unrated),https://www.amazon.co.uk/Doom-Unrated-Urban-Dwayne-Johnson/dp/B00IB8FNXC/ref=sr_1_1?s=instant-video&ie=UTF8&qid=1524036021&sr=1-1&keywords=Doom,NULL,Sucessfully Found
Doom,Doom (unrated),https://www.amazon.co.uk/Doom-Unrated-Urban-Dwayne-Johnson/dp/B00IB8FNXC/ref=sr_1_1?s=instant-video&ie=UTF8&qid=1524036089&sr=1-1&keywords=Doom&dpID=51gVaBSOo6L&preST=_SY300_QL70_&dpSrc=srch,NULL,Sucessfully Found
Brooklyn Nine Nine,Brooklyn Nine-nine Season 5,https://www.amazon.co.uk/The-Big-House-Pt-1/dp/B07BGVZFQT/ref=sr_1_1?s=instant-video&ie=UTF8&qid=1524036724&sr=1-1&keywords=Brooklyn+Nine+Nine,NULL,Failure to Find
Brooklyn Nine-nine,Brooklyn Nine-nine Season 5,https://www.amazon.co.uk/The-Big-House-Pt-1/dp/B07BGVZFQT/ref=sr_1_1?s=instant-video&ie=UTF8&qid=1524036776&sr=1-1&keywords=Brooklyn+Nine-nine,NULL,Sucessfully Found
Notorious,Notorious,https://www.amazon.co.uk/Notorious-Jamal-Woolard/dp/B00H36HDSQ/ref=sr_1_1?s=instant-video&ie=UTF8&qid=1524037260&sr=1-1&keywords=Notorious,NULL,Sucessfully Found
Cowboys Vs Aliens,William Shatner's Halloween Frightnight: Oblivion Rebaked!,https://www.amazon.co.uk/William-Shatners-Halloween-Frightnight-Oblivion/dp/B0784HZ2CS/ref=sr_1_1?s=instant-video&ie=UTF8&qid=1524037878&sr=1-1&keywords=Cowboys+Vs+Aliens,NULL,Failure to Find
Cowboys & Aliens,Cowboys And Aliens,https://www.amazon.co.uk/Cowboys-Aliens-Olivia-Wilde/dp/B00FZS31Z8/ref=sr_1_1?s=instant-video&ie=UTF8&qid=1524037934&sr=1-1&keywords=Cowboys+%26+Aliens,NULL,Failure to Find
The Belko Experiment,The Belko Experiment,https://www.amazon.co.uk/Belko-Experiment-John-Gallagher-Jr/dp/B074R5NCRX/ref=sr_1_1?s=instant-video&ie=UTF8&qid=1524040358&sr=1-1&keywords=The+Belko+Experiment,NULL,Sucessfully Found
The Belko Experiment,The Belko Experiment,https://www.amazon.co.uk/Belko-Experiment-John-Gallagher-Jr/dp/B074R5NCRX/ref=sr_1_1?s=instant-video&ie=UTF8&qid=1524040417&sr=1-1&keywords=The+Belko+Experiment,NULL,Sucessfully Found
Assassins Creed,Assassin's Creed,https://www.amazon.co.uk/Assassins-Creed-Michael-Fassbender/dp/B01N0V0UKS/ref=sr_1_1?s=instant-video&ie=UTF8&qid=1524065955&sr=1-1&keywords=Assassins+Creed&dpID=51fbNpTiFwL&preST=_SY300_QL70_&dpSrc=srch,NULL,Failure to Find
Smile,Smile,https://www.amazon.co.uk/Smile-Jeffrey-Kramer/dp/B06X97NGSN/ref=sr_1_1?s=instant-video&ie=UTF8&qid=1524086826&sr=1-1&keywords=Smile,NULL,Sucessfully Found
Fast And Furious,The Fast And The Furious,https://www.amazon.co.uk/Fast-Furious-Vin-Diesel/dp/B00MPS9QMS/ref=sr_1_1?s=instant-video&ie=UTF8&qid=1524140728&sr=1-1&keywords=Fast+And+Furious,NULL,Failure to Find
The Fast And The Furious,The Fast And The Furious,https://www.amazon.co.uk/Fast-Furious-Vin-Diesel/dp/B00MPS9NLM/ref=sr_1_1?s=instant-video&ie=UTF8&qid=1524140866&sr=1-1&keywords=The+Fast+And+The+Furious&dpID=51MUvVpz%252BAL&preST=_SY300_QL70_&dpSrc=srch,NULL,Sucessfully Found
The Fast And The Furious,The Fast And The Furious,https://www.amazon.co.uk/Fast-Furious-Vin-Diesel/dp/B00MPS9NLM/ref=sr_1_1?s=instant-video&ie=UTF8&qid=1524140905&sr=1-1&keywords=The+Fast+And+The+Furious,NULL,Sucessfully Found
Furious 7,Fast & Furious 7,https://www.amazon.co.uk/Fast-Furious-7-Vin-Diesel/dp/B00YVMGPI4/ref=sr_1_1?s=instant-video&ie=UTF8&qid=1524140948&sr=1-1&keywords=Furious+7,NULL,Sucessfully Found
Sonic Boom,"Sonic Boom, Vol. 1: The Sidekick",https://www.amazon.co.uk/The-Sidekick/dp/B01BH7ZAAO/ref=sr_1_1?s=instant-video&ie=UTF8&qid=1524141010&sr=1-1&keywords=Sonic+Boom,NULL,Sucessfully Found
Star Wars,Star Wars: The Last Jedi (with Bonus Content),https://www.amazon.co.uk/Star-Wars-Last-Bonus-Content/dp/B078F9VTPC/ref=sr_1_1?s=instant-video&ie=UTF8&qid=1524141563&sr=1-1&keywords=Star+Wars,NULL,Sucessfully Found
Parks And Recreations,Parks And Recreation - Season 1,https://www.amazon.co.uk/Pilot/dp/B00I91R41A/ref=sr_1_1?s=instant-video&ie=UTF8&qid=1524141647&sr=1-1&keywords=Parks+And+Recreations,NULL,Failure to Find
Iron Man,Iron Man,https://www.amazon.co.uk/Iron-Man-Robert-Downey-Jr/dp/B01M71YZHC/ref=sr_1_1?s=instant-video&ie=UTF8&qid=1524293899&sr=1-1&keywords=Iron+Man,NULL,Sucessfully Found
Frozen,Frozen,https://www.amazon.co.uk/Frozen-Kristen-Bell/dp/B00IUW8NOK/ref=sr_1_1?s=instant-video&ie=UTF8&qid=1524294010&sr=1-1&keywords=Frozen,NULL,Sucessfully Found
Doom,Doom (unrated),https://www.amazon.co.uk/Doom-Unrated-Urban-Dwayne-Johnson/dp/B00IB8FNXC/ref=sr_1_1?s=instant-video&ie=UTF8&qid=1524390672&sr=1-1&keywords=Doom,NULL,Sucessfully Found
Captain America Civil War,Captain America: Civil War,https://www.amazon.co.uk/Captain-America-Civil-Chris-Evans/dp/B01L7Q7OMC/ref=sr_1_1?s=instant-video&ie=UTF8&qid=1524390757&sr=1-1&keywords=Captain+America+Civil+War&dpID=51GYPezRBFL&preST=_SY300_QL70_&dpSrc=srch,NULL,Failure to Find
Ghost World,Ghost World,https://www.amazon.co.uk/Ghost-World-Thora-Birch/dp/B00ET02C4Y/ref=sr_1_1?s=instant-video&ie=UTF8&qid=1524464804&sr=1-1&keywords=Ghost+World,NULL,Sucessfully Found
Ghost World,Ghost World,https://www.amazon.co.uk/Ghost-World-Thora-Birch/dp/B00ET02C4Y/ref=sr_1_1?s=instant-video&ie=UTF8&qid=1524464843&sr=1-1&keywords=Ghost+World,NULL,Sucessfully Found
Ghost World,Ghost World,https://www.amazon.co.uk/Ghost-World-Thora-Birch/dp/B00ET02C4Y/ref=sr_1_1?s=instant-video&ie=UTF8&qid=1524482752&sr=1-1&keywords=Ghost+World,NULL,Sucessfully Found
Ghost World,Ghost World,https://www.amazon.co.uk/Ghost-World-Thora-Birch/dp/B00ET02C4Y/ref=sr_1_1?s=instant-video&ie=UTF8&qid=1524482794&sr=1-1&keywords=Ghost+World&dpID=41i-yibYT5L&preST=_SY300_QL70_&dpSrc=srch,NULL,Sucessfully Found
Sonic Boom,"Sonic Boom, Vol. 1: The Sidekick",https://www.amazon.co.uk/The-Sidekick/dp/B01BH7ZAAO/ref=sr_1_1?s=instant-video&ie=UTF8&qid=1524482901&sr=1-1&keywords=Sonic+Boom,NULL,Sucessfully Found
Ghost World,Ghost World,https://www.amazon.co.uk/Ghost-World-Thora-Birch/dp/B00ET02C4Y/ref=sr_1_1?s=instant-video&ie=UTF8&qid=1524557562&sr=1-1&keywords=Ghost+World,NULL,Sucessfully Found
Ghost Rider,Ghost Rider,https://www.amazon.co.uk/Ghost-Rider-Nicolas-Cage/dp/B00GS8023S/ref=sr_1_1?s=instant-video&ie=UTF8&qid=1524557647&sr=1-1&keywords=Ghost+Rider,NULL,Sucessfully Found
Ghost Rider,Ghost Rider,https://www.amazon.co.uk/Ghost-Rider-Nicolas-Cage/dp/B00GS8023S/ref=sr_1_1?s=instant-video&ie=UTF8&qid=1524803274&sr=1-1&keywords=Ghost+Rider&dpID=512BE%252B0V57L&preST=_SY300_QL70_&dpSrc=srch,NULL,Sucessfully Found
Sonic Boom,"Sonic Boom, Vol. 1: The Sidekick",https://www.amazon.co.uk/The-Sidekick/dp/B01BH7ZAAO/ref=sr_1_1?s=instant-video&ie=UTF8&qid=1524803349&sr=1-1&keywords=Sonic+Boom,NULL,Sucessfully Found
Ghost Rider,Ghost Rider,https://www.amazon.co.uk/Ghost-Rider-Nicolas-Cage/dp/B00GS8023S/ref=sr_1_1?s=instant-video&ie=UTF8&qid=1524823768&sr=1-1&keywords=Ghost+Rider,NULL,Sucessfully Found
Highlander,Highlander (30th Anniversary Edition),https://www.amazon.co.uk/Highlander-30th-Anniversary-Christopher-Lambert/dp/B01HSXFPGK/ref=sr_1_1?s=instant-video&ie=UTF8&qid=1524823994&sr=1-1&keywords=Highlander,NULL,Sucessfully Found
Highlander,Highlander (30th Anniversary Edition),https://www.amazon.co.uk/Highlander-30th-Anniversary-Christopher-Lambert/dp/B01HSXFPGK/ref=sr_1_1?s=instant-video&ie=UTF8&qid=1524824131&sr=1-1&keywords=Highlander,NULL,Sucessfully Found
Star Trek,Star Trek Beyond,https://www.amazon.co.uk/Star-Trek-Beyond-John-Cho/dp/B01IQH3JQK/ref=sr_1_1?s=instant-video&ie=UTF8&qid=1524824328&sr=1-1&keywords=Star+Trek,NULL,Sucessfully Found
Star Trek,Star Trek Beyond,https://www.amazon.co.uk/Star-Trek-Beyond-John-Cho/dp/B01IQH3JQK/ref=sr_1_1?s=instant-video&ie=UTF8&qid=1524825115&sr=1-1&keywords=Star+Trek,NULL,Sucessfully Found
Star Trek,Star Trek Beyond,https://www.amazon.co.uk/Star-Trek-Beyond-John-Cho/dp/B01IQH3JQK/ref=sr_1_1?s=instant-video&ie=UTF8&qid=1524825286&sr=1-1&keywords=Star+Trek&dpID=51uX23tgRpL&preST=_SY300_QL70_&dpSrc=srch,NULL,Sucessfully Found
