Media,Result,URL,Success or Failure
Creep 2,Creep 2,https://www.netflix.com/watch/80168161?tctx=0%2C0%2C%2C%2C,Sucessfully Found
Devilman Crybaby,Devilman Crybaby,https://www.netflix.com/watch/80174974?tctx=0%2C0%2C%2C%2C,Sucessfully Found
Mario Kart,Angry Birds,https://www.netflix.com/watch/80138030?tctx=0%2C0%2C%2C%2C,Failed
Sonic Boom,Sonic Boom,https://www.netflix.com/watch/80155771?tctx=0%2C0%2C%2C%2C,Sucessfully Found
Sonic Boom,Sonic Boom,https://www.netflix.com/watch/80155771?tctx=0%2C0%2C%2C%2C,Sucessfully Found
Sonic,Sonic Boom,https://www.netflix.com/watch/80155771?tctx=0%2C0%2C%2C%2C,Failed
Central,Ride Along 2,https://www.netflix.com/watch/80067830?tctx=0%2C0%2C%2C%2C,Failed
Chefs Table,Chefs Table,https://www.netflix.com/watch/80007945?tctx=0%2C0%2C%2C%2C,Sucessfully Found
Sonic Boom,Sonic Boom,https://www.netflix.com/watch/80155771?tctx=0%2C0%2C%2C%2C,Sucessfully Found
Lil Peep,13 Reasons Why,https://www.netflix.com/watch/80117470?tctx=0%2C0%2C%2C%2C,Failed
Creep,Creep,https://www.netflix.com/watch/70306646?tctx=0%2C0%2C%2C%2C,Sucessfully Found
Agents Of S.h.i.e.l.d,Marvels Daredevil,https://www.netflix.com/watch/80018294?tctx=0%2C0%2C%2C%2C,Failed
Marvels Daredevil,Marvels Daredevil,https://www.netflix.com/watch/80018294?tctx=0%2C0%2C%2C%2C,Sucessfully Found
Marvels Daredevil,Marvels Daredevil,https://www.netflix.com/watch/80018294?tctx=0%2C0%2C%2C%2C,Sucessfully Found
Marvels Jessica Jones,Marvels Jessica Jones,https://www.netflix.com/watch/80002311?tctx=0%2C0%2C%2C%2C,Sucessfully Found
Devilman Crybaby,Devilman Crybaby,https://www.netflix.com/watch/80174974?tctx=0%2C0%2C%2C%2C,Sucessfully Found
Marvels Jessica Jones,Marvels Jessica Jones,https://www.netflix.com/watch/80002311?tctx=0%2C0%2C%2C%2C,Sucessfully Found
13 Reasons Why,13 Reasons Why,https://www.netflix.com/watch/80117470?tctx=0%2C0%2C%2C%2C,Sucessfully Found
Riverdale,Riverdale,https://www.netflix.com/watch/80133311?tctx=0%2C0%2C%2C%2C,Sucessfully Found
13 Reasons Why,13 Reasons Why,https://www.netflix.com/watch/80117470?tctx=0%2C0%2C%2C%2C,Sucessfully Found
Sonic Boom,Sonic Boom,https://www.netflix.com/watch/80155771?tctx=0%2C0%2C%2C%2C,Sucessfully Found
Marvels Daredevil,Marvels Daredevil,https://www.netflix.com/watch/80018294?tctx=0%2C0%2C%2C%2C,Sucessfully Found
Riverdale,Riverdale,https://www.netflix.com/watch/80133311?tctx=0%2C0%2C%2C%2C,Sucessfully Found
American Supernatural,American Supernatural,https://www.netflix.com/watch/80115885?tctx=0%2C0%2C%2C%2C,Sucessfully Found
Riverdale,Riverdale,https://www.netflix.com/watch/80133311?tctx=0%2C0%2C%2C%2C,Sucessfully Found
Pac Man The Ghostly Adventures,Pac-man And The Ghostly Adventures,https://www.netflix.com/watch/80000139?tctx=0%2C0%2C%2C%2C,Failed
Badlands Texas,Badlands Texas,https://www.netflix.com/watch/80158861?tctx=0%2C0%2C%2C%2C,Sucessfully Found
Hellboy,Hellboy,https://www.netflix.com/watch/60034549?tctx=0%2C0%2C%2C%2C,Sucessfully Found
Badlands Texas,Badlands Texas,https://www.netflix.com/watch/80158861?tctx=0%2C0%2C%2C%2C,Sucessfully Found
Hellboy,Hellboy,https://www.netflix.com/watch/60034549?tctx=0%2C0%2C%2C%2C,Sucessfully Found
Hellboy,Hellboy,https://www.netflix.com/watch/60034549?tctx=0%2C0%2C%2C%2C,Sucessfully Found
Sonic Boom,Sonic Boom,https://www.netflix.com/watch/80155771?tctx=0%2C0%2C%2C%2C,Sucessfully Found
The Raid,Raiders! The Story Of The Greatest Fan Film Ever Made,https://www.netflix.com/watch/80045805?tctx=0%2C0%2C%2C%2C,Failed
Marvels Daredevil,Marvels Daredevil,https://www.netflix.com/watch/80018294?tctx=0%2C0%2C%2C%2C,Sucessfully Found
Riverdale,Riverdale,https://www.netflix.com/watch/80133311?tctx=0%2C0%2C%2C%2C,Sucessfully Found
Black Lightning,Black Lightning,https://www.netflix.com/watch/80178687?tctx=0%2C0%2C%2C%2C,Sucessfully Found
Doom,Doom,https://www.netflix.com/watch/70028897?tctx=0%2C0%2C%2C%2C,Sucessfully Found
Sonic Boom,Sonic Boom,https://www.netflix.com/watch/80155771?tctx=0%2C0%2C%2C%2C,Sucessfully Found
Doom,Doom,https://www.netflix.com/watch/70028897?tctx=0%2C0%2C%2C%2C,Sucessfully Found
Brooklyn Nine Nine,Brooklyn Nine-nine,https://www.netflix.com/watch/70281562?tctx=0%2C0%2C%2C%2C,Failed
Brooklyn Nine-nine,Brooklyn Nine-nine,https://www.netflix.com/watch/70281562?tctx=0%2C0%2C%2C%2C,Sucessfully Found
Notorious,Russell Peters Notorious,https://www.netflix.com/watch/70280748?tctx=0%2C0%2C%2C%2C,Failed
Cowboys Vs Aliens,Cowboys & Aliens,https://www.netflix.com/watch/70153714?tctx=0%2C0%2C%2C%2C,Failed
Cowboys & Aliens,Cowboys & Aliens,https://www.netflix.com/watch/70153714?tctx=0%2C0%2C%2C%2C,Sucessfully Found
The Belko Experiment,The Belko Experiment,https://www.netflix.com/watch/80141982?tctx=0%2C0%2C%2C%2C,Sucessfully Found
Assassins Creed,Captain America Civil War,https://www.netflix.com/watch/80088567?tctx=0%2C0%2C%2C%2C,Failed
Smile,Smile Walked,https://www.netflix.com/watch/80065072?tctx=0%2C0%2C%2C%2C,Failed
Furious 7,Fast & Furious 6,https://www.netflix.com/watch/70263863?tctx=0%2C0%2C%2C%2C,Failed
Sonic Boom,Sonic Boom,https://www.netflix.com/watch/80155771?tctx=0%2C0%2C%2C%2C,Sucessfully Found
Iron Man,Iron Man Armored Adventures,https://www.netflix.com/watch/70177689?tctx=0%2C0%2C%2C%2C,Failed
Frozen,Frozen Planet,https://www.netflix.com/watch/70261978?tctx=0%2C0%2C%2C%2C,Failed
Captain America Civil War,Captain America Civil War,https://www.netflix.com/watch/80088567?tctx=0%2C0%2C%2C%2C,Sucessfully Found
Ghost World,Ghost Wars,https://www.netflix.com/watch/80190931?tctx=0%2C0%2C%2C%2C,Failed
Sonic Boom,Sonic Boom,https://www.netflix.com/watch/80155771?tctx=0%2C0%2C%2C%2C,Sucessfully Found
Ghost Rider,Hell Driver,https://www.netflix.com/watch/70143760?tctx=0%2C0%2C%2C%2C,Failed
Sonic Boom,Sonic Boom,https://www.netflix.com/watch/80155771?tctx=0%2C0%2C%2C%2C,Sucessfully Found
Highlander,The Last Kingdom,https://www.netflix.com/watch/80074249?tctx=0%2C0%2C%2C%2C,Failed
Star Trek,Star Trek,https://www.netflix.com/watch/70136140?tctx=0%2C0%2C%2C%2C,Sucessfully Found
Star Trek,Star Trek,https://www.netflix.com/watch/70136140?tctx=0%2C0%2C%2C%2C,Sucessfully Found
